"¬øCu√°l es el horario del Jard√≠n Bot√°nico para el p√∫blico en general?","En temporada de oto√±o-invierno (octubre a marzo)   \nLunes a Viernes:  \n8:00 AM - 5:00 PM  \nS√°bados, domingos y d√≠as feriados:  \n8:00 AM - 6:00 PM\n\nEn temporada de Primavera-Verano (abril-octubre)   \nLunes a Viernes:  \n8:00 AM - 6:00 PM  \nS√°bados, domingos y d√≠as feriados:  \n8:00 AM - 7:00 PM"
"¬øC√≥mo es el proceso para hacer una actividad en el Jard√≠n Bot√°nico?","El proceso para realizar una actividad con nosotros es bastante sencillo y est√° dise√±ado para que puedas organizar tu evento de manera c√≥moda y eficiente. A continuaci√≥n te detallamos  los pasos m√°s comunes para reservar y planificar tu evento:\n\n### **1\. Contacta a la encargada de eventos**\n\nLo primero es ponerte en contacto con nuestra encargada del Departamento de Eventos y Protocolo. Puedes hacerlo a trav√©s de llamadas directas o v√≠a WhatsApp al **809-967-4643**, donde podr√°s consultar la disponibilidad de los espacios, detalles de tarifas y otros requisitos.\n\n### **2\. Consulta la disponibilidad y capacidad de los espacios.** \n\nEn tu mensaje o llamada, aseg√∫rate de preguntar por la disponibilidad de fechas para el tipo de actividad que deseas realizar (bodas, cumplea√±os, entre otros). El Jard√≠n Bot√°nico ofrece varios espacios que pueden adaptarse a diferentes tipos de eventos, como lo son:\n\n**El Gazebo del Cerro**: cuenta con una capacidad aproximada de unas 35- 40 personas. \n\n**El Sal√≥n Mariposas:** cuenta con una capacidad aproximada de unas 30-35 personas. \n\n**El Sal√≥n Girasoles:** cuenta con una capacidad aproximada, si es tipo teatro, de entre 400 y 450 personas y de entre 200- 250 personas si es con sillas y mesas (formato restaurant)  de entre 200- 250 personas.\n\n**Enramada Caf√© Sin Fin:** cuenta con una capacidad aproximada 80 a 100 personas y si  solo se usa  la mitad unas 40 \- 50 personas. \n\n**Sal√≥n de conferencias La Colmena:** cuenta con una capacidad aproximada de unas 35-40 personas.\n\n**Gazebo del Humedal:** cuenta con una capacidad aproximada de unas 15-20 personas. No se recomiendan ni√±os.\n\n**√Åreas de Picnic:** todo depende del √°rea de picnic y el tipo de actividad. Consulta directamente con la encargada.\n\n**√Årea verdes del Kiosko de las plantas:** cuenta con una capacidad aproximada de unas  25-30 personas. \n\n**El Gazebo del Parque Infantil:** tiene un Kiosco con una capacidad aproximada de 50-60 personas. \n\n### **3\. Define los detalles del evento**\n\nUna vez que hayas obtenido la disponibilidad, discute los detalles de tu evento. Esto puede incluir:\n\n* La fecha y hora exacta del evento.  \n* El tipo de actividad (boda, fiesta, sesi√≥n fotogr√°fica, etc.).  \n* El n√∫mero de personas que asistir√°n.  \n* Cualquier necesidad especial como personal de apoyo, catering, sonido, etc.\n\n### **4\. Revisi√≥n de condiciones y tarifas**\n\nAseg√∫rate de revisar las tarifas y condiciones para el uso del espacio. Esto incluir√° aspectos como el alquiler del lugar, permisos especiales, y si hay alg√∫n costo adicional por servicios extras, como gu√≠as o personal de apoyo.\n\n### **5\. Reserva y confirmaci√≥n**\n\nUna vez que hayas acordado todos los detalles y est√©s conforme con las condiciones, puedes proceder con la reserva oficial. Esto generalmente requiere un pago inicial del 50% para asegurar el espacio en la fecha seleccionada.\n\n### **6\. Planificaci√≥n y coordinaci√≥n del evento**\n\nEn este paso, puedes coordinar directamente con la encargada de eventos para afinar los detalles finales, como horarios de acceso al espacio o cualquier otro requerimiento espec√≠fico para el evento.\n\nSi tienes alguna duda o pregunta espec√≠fica, no dudes en contactar a la encargada para recibir toda la asistencia necesaria.  ¬°Haz realidad el evento de tus sue√±os con nosotros\!"
"¬øC√≥mo es el proceso para ser miembro del Club de Caminantes?","Para ser miembro del **Club de Caminantes**, el proceso es bastante sencillo. A continuaci√≥n te explicamos los pasos a seguir de manera detallada:\n\n### **1\. Formulario de Inscripci√≥n:**\n\n**Completa el formulario de inscripci√≥n**. Puedes hacerlo de manera presencial o en l√≠nea, seg√∫n te convenga m√°s.\n\nFormulario en l√≠nea**:**\n\n[https://docs.google.com/forms/d/1n\_6syZNw1nwm12OfofGtb8YPu\_OCsOvDJ64YSVa1CA8/edit?usp=forms\_home\&ths=true](https://docs.google.com/forms/d/1n_6syZNw1nwm12OfofGtb8YPu_OCsOvDJ64YSVa1CA8/edit?usp=forms_home&ths=true) \n\nSi optas por hacerlo de manera presencial, debes dirigirte al edificio administrativo, espec√≠ficamente al √°rea de recepci√≥n, en el siguiente horario: lunes a viernes de 8:00 a.m a 5:00 p.m y los s√°bados de 8:00 a.m a 12:00 p.m. \n\n**2\. Costo anual de la membres√≠a:**\n\n* **Individual**: 1 persona, RD$1,000 pesos dominicanos.  \n* **Familiar**: Hasta 4 personas las cuales deben ser familiares directos (incluyendo al solicitante), RD$2,000 pesos dominicanos.\n\nLa membres√≠a se renueva anualmente, por lo que tendr√°s que pagar la cuota cada a√±o para seguir siendo miembro.\n\n### **Carnet visible y vigente:**\n\nSe env√≠a a hacer un carnet para cada miembro mayor de 12 a√±os. Este toma entre 2 y 5 d√≠as laborales despu√©s de que se realiza el pago y se env√≠an los documentos correspondientes. Es importante llevar siempre tu carnet visible y vigente para identificarte como miembro.\n\n### **3\. Normas de Comportamiento:**\n\nComo miembro del Club de Caminantes, debes seguir algunas normas para mantener el ambiente y la seguridad:\n\n* **Uso de auriculares**: Si usas auriculares, mant√©n el volumen bajo o usa solo un o√≠do para estar alerta al entorno.  \n* **Cuidado de la flora**: No est√° permitido cortar ni extraer plantas ni partes de ellas.  \n* **Respeto a la fauna**: No matar ni molestar a los animales que puedas encontrar durante tus caminatas.\n\n### **4\. Horario del Club de Caminantes.**\n\nPuedes acceder al club en el horario de 5:30 a.m a 7:00 p.m todos los d√≠as.\n\nUna vez que completes estos pasos, ¬°ser√°s un miembro activo del Club de Caminantes y podr√°s disfrutar de todas sus actividades y otros beneficios como actividades exclusivas y descuentos en los servicios\!"
"¬øD√≥nde est√° ubicado el Jard√≠n Bot√°nico?","El Jard√≠n Bot√°nico est√° ubicado en la Avenida del Bot√°nico, Dr. Jos√© de Jes√∫s Jim√©nez Almonte,  Santiago de los Caballeros, Rep√∫blica Dominicana. Puedes llegar de las siguientes maneras:\n\n* Desde la **Avenida Estrella Sadhal√°**, entrando por el INFOTEP en la Avenida Hatuey, y luego  a la derecha en la Avenida del Bot√°nico.  \n* O desde la **Circunvalaci√≥n Norte**, bajando por la rampa de Jacagua y luego haciendo un giro en la Avenida del Bot√°nico.\n\nAqu√≠ tienes un enlace de Google Maps para que puedas llegar m√°s f√°cil:\n\n[https://maps.app.goo.gl/aW8WHGcTcVmxoNBe8](https://maps.app.goo.gl/aW8WHGcTcVmxoNBe8)   ¬°Ven y descubre la belleza de la naturaleza\!"
"¬øPor qu√© no se aceptan mascotas en el Jard√≠n?","No se aceptan mascotas porque el Jard√≠n forma parte del Sistema Nacional de √Åreas Protegidas, que est√° regulado por Ley. Adem√°s, para proteger la biodiversidad del mismo y prevenir que las queridas mascotas puedan ser da√±adas por los animales que viven en el Jard√≠n. Buscamos ofrecer una experiencia de valor  a todos nuestros visitantes y no todos los due√±os de mascotas tienen el mismo control y cuidado.\n\nEsperamos que en el futuro cercano podamos tener un espacio exclusivo para estas preciosas criaturas que de un modo u otro forman parte de la familia. ¬°Gracias por entender y ayudar a cuidar nuestro jard√≠n\!"
"¬øCu√°l es el costo de la entrada?","**La entrada general es totalmente gratis**.  Puedes disfrutar de hermosos espacios naturales sin ning√∫n costo. ¬°Es una excelente oportunidad para conectarte con la naturaleza y relajarte\!\n\nNota**:** Algunas √°reas especiales, as√≠ como el recorrido vehicular, tienen un costo adicional por el alto mantenimiento que exigen."
"¬øC√≥mo es el proceso para hacer una visita con estudiantes?","**Descripci√≥n del servicio:**\n\nEl Jard√≠n Bot√°nico de Santiago, como parte de su compromiso con la educaci√≥n ambiental, ofrece un programa educativo de actividades escolares complementarias a la educaci√≥n formal. Este programa tiene como objetivo promover el conocimiento y la conciencia ecol√≥gica a trav√©s de experiencias pr√°cticas y did√°cticas en un entorno natural.\n\n**¬øA qui√©n va dirigido?**\n\nEste servicio est√° dirigido a todas las instituciones educativas, incluyendo escuelas, colegios, universidades y p√∫blico af√≠n.\n\n**Servicio ofrecido por:**\n\nDepartamento de Educaci√≥n Ambiental  \nTel√©fono: (809) 489-2400  \nCorreo electr√≥nico: educacion@botanicodesantiago.org**Requisitos para las visitas:**\n\n* Programar la visita con al menos una semana de anticipaci√≥n.  \n* Vestimenta obligatoria: uniforme del centro educativo (para escuelas y colegios).  \n* Acompa√±amiento obligatorio de al menos un maestro o coordinador.\n\nProcedimiento para coordinar la visita:\n\n1. Llamar al Departamento de Educaci√≥n Ambiental o completar el formulario de solicitud en l√≠nea para coordinar la fecha y hora de la visita.  \n2. Dirigirse al Departamento de Educaci√≥n Ambiental para coordinar las actividades a realizar durante la visita."
"¬øCu√°l es el proceso para hacer una sesi√≥n de fotos?","Para realizar una sesi√≥n fotogr√°fica en el Jard√≠n Bot√°nico, sigue estos pasos:\n\n1. **Dir√≠gete a la oficina de eventos y protocolos** (de lunes a viernes) para gestionar la sesi√≥n. Si es s√°bado, domingo o d√≠a feriado, ac√©rcate a la **boleter√≠a**.  \n2. **Elige el paquete**: selecciona el paquete adecuado seg√∫n el n√∫mero de personas que participar√°n en la sesi√≥n.  \n3. **Realiza el pago**: el pago se debe realizar el mismo d√≠a de la sesi√≥n fotogr√°fica. Puedes pagar en efectivo, por transferencia bancaria o con tarjeta."
"¬øCu√°nto cuesta hacer una sesi√≥n de fotos?","* **Para grupos de 1 a 5 personas**: RD$1,000 pesos.  \n* **A partir de 5 personas**: Se agrega un costo de RD$500 pesos por cada 5 personas adicionales.\n\nPara m√°s detalles cont√°ctanos al: **809-489-2400**\n\n¬°No pierdas la oportunidad de crear recuerdos inolvidables en este hermoso entorno natural\!"
"¬øVenden plantas?","Si, ¬°tenemos plantas disponibles para la venta\!   \nVen a visitarnos en nuestro kiosko y vivero. Te esperamos en los siguientes horarios:\n\nüïó **Lunes a Viernes**: 8:00 AM \- 5:00 PM  \nüïï **S√°bados, Domingos y Feriados**: 8:00 AM \- 6:00 PM  ¬°Te esperamos\!"
"¬øSe alquilan bicicletas en el Jard√≠n? ¬øCu√°nto cuesta la renta de bicicletas?","El alquiler de bicicletas lo maneja una empresa particular mediante una concesi√≥n.  Para obtener informaci√≥n sobre costos y horarios, env√≠a un mensaje a BioBici, la empresa de alquiler. Su Instagram es [https://www.instagram.com/biobicird](https://www.instagram.com/biobicird).  \n¬°Y no olvides que tambi√©n puedes traer tu propia bicicleta y disfrutar de un paseo tranquilo por las hermosas √°reas del Jard√≠n\! ¬°Divi√©rtete pedaleando\!"
"¬øTienen cafeter√≠a?","**S√≠,** ¬°**ven a disfrutar en nuestra cafeter√≠a\!**  \n\nTe ofrecemos una variedad de deliciosos snacks, jugos naturales, tostadas, caf√©, quipes, galletas y mucho m√°s para satisfacer tu antojo. ¬°Todo fresco y listo para ti\!\n\n**¬°Te esperamos en los siguientes horarios\!**\n\n**Lunes a Viernes**: 8:00 AM \- 5:00 PM  \n**S√°bados, Domingos y Feriados**: 8:00 AM \- 6:00 PM"
"¬øCu√°les son las reglas del Jard√≠n?","‚ùå No traer mascotas.  \n‚ùå No cigarros o vapers.  \n‚ùå No bebidas alcoh√≥licas.  \n‚ùå No llamas ni bengalas.  \n‚ùå No confetti pl√°stico.  \n‚ùå No armas blancas ni de fuego.  \n‚ùå No llevarse las plantas.  \n‚ùå No molestar a los animales silvestres.  \n‚ùå No ruidos innecesarios.  \n‚ùå No introducir contaminantes.  \n‚ùå No entrar a los cuerpos de agua."
"¬øCon qu√© frecuencia se realiza la Feria de Orqu√≠deas?","¬°Qu√© genial que te interese la Feria de las Orqu√≠deas\! Este evento tan especial se realiza cada Abril y lo organizamos junto con la Sociedad de Orquide√≥filos del Cibao para celebrar nuestro aniversario. La feria es una oportunidad √∫nica para disfrutar de la belleza y diversidad de las orqu√≠deas, esas flores tan elegantes y llenas de simbolismo."
"¬øCu√°les son los costos de los servicios que se ofrecen?","Aqu√≠ tienes los costos de los servicios que se ofrecen:\n\n**Entrada general:** ¬°Totalmente gratis\!\n\n**Cucu Tren:**  \nAdultos: RD$100  \nNi√±os (6-12 a√±os): RD$75  \nNi√±os (5 a√±os y menores): ¬°Gratis\!  \nSale cada 15 minutos con 4 paradas: Laberinto, Humedal, Puente Colgante, Cristo Vivo.\n\n**Mariposario:**  \nAdultos: RD$50  \nNi√±os (6-12 a√±os): RD$25  \nNi√±os (5 a√±os y menores): ¬°Gratis\!\n\n**Laberinto:**  \nAdultos: RD$50  \nNi√±os (6-12 a√±os): RD$25  \nNi√±os (5 a√±os y menores): ¬°Gratis\!\n\nCSV"
